Age,Sexe,Light Time 1,Light Time 2,Light Time 3,Sound Time 1,Sound Time 2,Sound Time 3,number of fault/32
21,m,0.2097914218902588,0.36807799339294434,0.1953110694885254,0.1535956859588623,0.19501590728759766,0.17872118949890137,7
22,m,0.27179741859436035,0.20199871063232422,0.20073151588439941,0.174821138381958,0.19603228569030762,0.2427234649658203,2
25,f,2.031437873840332,0.2576169967651367,0.20631170272827148,0.20016789436340332,0.18079423904418945,0.1714174747467041,8
99,autre,0.16648626327514648,0.2179417610168457,0.18610644340515137,0.1881551742553711,0.14875459671020508,0.17927193641662598,2
26,f,0.2895073890686035,0.28756046295166016,0.26659178733825684,0.2639033794403076,0.34885168075561523,0.21657156944274902,4
